户山香澄	Toyama_Kasumi
花园多惠	Hanazono_Tae
牛込里美	Ushigome_Rimi
山吹沙绫	Yamabuki_Saaya
市谷有咲	Ichigaya_Arisa
美竹兰	Mitake_Ran
青叶摩卡	Aoba_Moca
上原绯玛丽	Uehara_Himari
宇田川巴	Udagawa_Tomoe
羽泽鸫	Hazawa_Tsugumi
丸山彩	Maruyama_Aya
冰川日菜	Hikawa_Hina
白鹭千圣	Shirasagi_Chisato
大和麻弥	Yamato_Maya
若宫伊芙	Wakamiya_Eve
凑友希那	Minato_Yukina
冰川纱夜	Hikawa_Sayo
今井莉莎	Imai_Lisa
宇田川亚子	Udagawa_Ako
白金燐子	Shirokane_Rinko
弦卷心	Tsurumaki_Kokoro
濑田薰	Seta_Kaoru
北泽育美	Kitazawa_Hagumi
松原花音	Matsubara_Kanon
奥泽美咲	Okusawa_Misaki
仓田真白	Kurata_Mashiro
桐谷透子	Kirigaya_Touko
广町七深	Hiromachi_Nanami
二叶筑紫	Futaba_Tsukushi
八潮瑠唯	Yashio_Rui
和奏瑞依	Wakana_Rei
朝日六花	Asahi_Rokka
佐藤益木	Satou_Masuki
鳰原令王那	Nyubara_Reona
珠手知由	Tamade_Chiyu
高松灯	Takamatsu_Tomori
千早爱音	Chihaya_Anon
要乐奈	Kaname_Raana
长崎素世	Nagasaki_Soyo
椎名立希	Shiina_Taki
丰川祥子	Togawa_Sakiko
若叶睦	Wakaba_Mutsumi
三角初华	Misumi_Uika
八幡海铃	Yahata_Umiri
祐天寺若麦	Yuutenji_Nyamu
